,Median of Age,Mean of Age,Std of Age,Median of Match played,Mean of Match played,Std of Match played,Median of Starts,Mean of Starts,Std of Starts,Median of Minutes,Mean of Minutes,Std of Minutes,Median of Goals,Mean of Goals,Std of Goals,Median of Assists,Mean of Assists,Std of Assists,Median of Yellow cards,Mean of Yellow cards,Std of Yellow cards,Median of Red cards,Mean of Red cards,Std of Red cards,Median of xG,Mean of xG,Std of xG,Median of xAG,Mean of xAG,Std of xAG,Median of Possession_ProgC,Mean of Possession_ProgC,Std of Possession_ProgC,Median of PrgPasses,Mean of PrgPasses,Std of PrgPasses,Median of PrgR,Mean of PrgR,Std of PrgR,Median of Goals per 90,Mean of Goals per 90,Std of Goals per 90,Median of Assists per 90,Mean of Assists per 90,Std of Assists per 90,Median of xG per 90,Mean of xG per 90,Std of xG per 90,Median of xAG per 90,Mean of xAG per 90,Std of xAG per 90,Median of GA90,Mean of GA90,Std of GA90,Median of Save%,Mean of Save%,Std of Save%,Median of CS%,Mean of CS%,Std of CS%,Median of Pen Save%,Mean of Pen Save%,Std of Pen Save%,Median of SoT%,Mean of SoT%,Std of SoT%,Median of SoT per 90,Mean of SoT per 90,Std of SoT per 90,Median of G per Sh,Mean of G per Sh,Std of G per Sh,Median of Average dist,Mean of Average dist,Std of Average dist,Median of Cmp,Mean of Cmp,Std of Cmp,Median of Cmp%,Mean of Cmp%,Std of Cmp%,Median of TotDist,Mean of TotDist,Std of TotDist,Median of Cmp%_S,Mean of Cmp%_S,Std of Cmp%_S,Median of Cmp%_M,Mean of Cmp%_M,Std of Cmp%_M,Median of Cmp%_L,Mean of Cmp%_L,Std of Cmp%_L,Median of KP,Mean of KP,Std of KP,Median of one_third,Mean of one_third,Std of one_third,Median of PPA,Mean of PPA,Std of PPA,Median of CrsPA,Mean of CrsPA,Std of CrsPA,Median of PrgPasses.1,Mean of PrgPasses.1,Std of PrgPasses.1,Median of SCA,Mean of SCA,Std of SCA,Median of SCA90,Mean of SCA90,Std of SCA90,Median of GCA,Mean of GCA,Std of GCA,Median of GCA90,Mean of GCA90,Std of GCA90,Median of Tkl,Mean of Tkl,Std of Tkl,Median of TklW,Mean of TklW,Std of TklW,Median of Att,Mean of Att,Std of Att,Median of Lost,Mean of Lost,Std of Lost,Median of Blocks,Mean of Blocks,Std of Blocks,Median of Block shot,Mean of Block shot,Std of Block shot,Median of Pass,Mean of Pass,Std of Pass,Median of Int,Mean of Int,Std of Int,Median of Touches,Mean of Touches,Std of Touches,Median of Def Pen,Mean of Def Pen,Std of Def Pen,Median of Def 3rd,Mean of Def 3rd,Std of Def 3rd,Median of Mid 3rd,Mean of Mid 3rd,Std of Mid 3rd,Median of Att 3rd,Mean of Att 3rd,Std of Att 3rd,Median of Att Pen,Mean of Att Pen,Std of Att Pen,Median of Possession_Att,Mean of Possession_Att,Std of Possession_Att,Median of Possession_Succ%,Mean of Possession_Succ%,Std of Possession_Succ%,Median of Possession_Tkld%,Mean of Possession_Tkld%,Std of Possession_Tkld%,Median of Carries,Mean of Carries,Std of Carries,Median of Possession_ProDist,Mean of Possession_ProDist,Std of Possession_ProDist,Median of Possession_ProgC.1,Mean of Possession_ProgC.1,Std of Possession_ProgC.1,Median of Possession_one_third,Mean of Possession_one_third,Std of Possession_one_third,Median of Possession_CPA,Mean of Possession_CPA,Std of Possession_CPA,Median of Possession_Mis,Mean of Possession_Mis,Std of Possession_Mis,Median of Possession_Dis,Mean of Possession_Dis,Std of Possession_Dis,Median of Rec,Mean of Rec,Std of Rec,Median of PrgR.1,Mean of PrgR.1,Std of PrgR.1,Median of Fls,Mean of Fls,Std of Fls,Median of Fld,Mean of Fld,Std of Fld,Median of Off,Mean of Off,Std of Off,Median of Crs,Mean of Crs,Std of Crs,Median of Recov,Mean of Recov,Std of Recov,Median of Won,Mean of Won,Std of Won,Median of Lost.1,Mean of Lost.1,Std of Lost.1,Median of Won%,Mean of Won%,Std of Won%
all,9701.0,9808.424849699399,1551.9975830700087,23.0,21.02004008016032,10.128471897096713,14.0,15.420841683366733,10.998322548849899,1318.0,1382.7815631262524,932.2650819982557,1.0,2.0100200400801604,3.536655415177171,1.0,1.4929859719438878,2.2138326771219132,2.0,2.967935871743487,2.6379554933005087,0.0,0.09018036072144289,0.30701923519249225,0.8,2.0286573146292586,3.11460486332056,0.9,1.501002004008016,1.8871630920883744,15.0,26.138276553106213,31.016042581628188,37.0,51.589178356713425,50.52306287881684,25.0,50.93186372745491,64.69628896588502,0.03,0.11875751503006013,0.18174207008503135,0.03,0.08861723446893788,0.1225461628599358,0.07,0.1317635270541082,0.15923920588582877,0.07,0.09569138276553106,0.10018292980136949,0.0,0.1393987975951904,0.5104899993499405,0.0,5.615230460921843,18.813426817340847,0.0,2.086372745490982,9.966492792536068,0.0,0.9657314629258517,7.840204284898951,28.6,26.25490981963928,21.178648956635488,0.23,0.3965931863727455,0.4651803822020118,0.03,0.06951903807615231,0.09745851315004876,15.7,14.814829659318638,7.184304940001209,449.0,555.4468937875752,466.1428313750412,80.0,79.13286573146293,8.37079463463709,7088.0,9549.697394789579,8436.289564558672,89.9,88.75270541082163,6.815771906550222,85.7,83.98937875751503,10.250267281010691,53.3,53.576753507014026,16.57016784862147,8.0,13.661322645290582,15.509924502925669,28.0,43.34068136272545,45.42322363414936,6.0,11.643286573146293,14.538310075778341,1.0,2.781563126252505,4.357330153406577,37.0,51.589178356713425,50.52306287881684,21.0,31.96392785571142,32.579940322974814,1.79,2.0530460921843683,1.4231675810440239,2.0,3.4869739478957915,4.244217736888048,0.15,0.21062124248496994,0.2215503397465836,17.0,24.66933867735471,22.86166012735387,10.0,14.753507014028056,14.02083084255398,17.0,22.490981963927855,20.586028200358104,8.0,11.03807615230461,10.513357019023477,11.0,15.312625250501002,13.876769069241151,2.0,5.176352705410822,7.368455637225397,8.0,10.136272545090181,9.483523385169457,7.0,11.216432865731463,11.854084857645107,725.0,839.875751503006,632.9083190752076,31.0,94.91182364729458,177.37048626553758,157.0,278.1583166332665,311.25992990074906,277.0,357.49699398797594,319.9459754392624,133.0,212.49899799599197,212.20864150433283,20.0,34.64128256513026,41.498603779173095,14.0,25.531062124248496,31.548275894600575,42.9,42.26052104208417,25.274036722654547,42.1,38.64929859719439,23.93275247591282,399.0,470.67134268537075,364.4325073453807,1029.0,1306.679358717435,1110.5824412577888,15.0,26.138276553106213,31.016042581628188,13.0,17.587174348697395,18.425741440228446,2.0,8.140280561122244,14.409820694625173,12.0,19.070140280561123,19.705795178954347,8.0,13.202404809619239,14.899432424584365,482.0,549.7555110220441,427.41378841915315,25.0,50.93186372745491,64.69628896588502,12.0,15.529058116232465,13.980790655181318,10.0,15.056112224448897,14.938456669485483,1.0,2.382765531062124,3.992435564172646,9.0,24.585170340681362,36.16698027718825,45.0,58.3186372745491,47.05163225370236,10.0,18.220440881763526,21.579020355056617,13.0,18.18637274549098,18.73840564331856,50.0,48.23306613226452,22.54721883350893
West Ham,10346.0,10448.12,1830.5918514695368,20.0,21.56,8.529751852584381,14.0,15.4,10.862780491200215,1070.0,1381.52,914.3885078747071,0.0,1.48,2.6,1.0,0.96,1.5132745950421558,2.0,2.96,2.65329983228432,0.0,0.12,0.33166247903553997,1.2,1.776,2.254861414810232,1.1,1.26,1.40356688476182,11.0,22.92,30.36983152186832,31.0,45.0,41.31182235954578,25.0,44.64,57.791204636461195,0.0,0.084,0.12529964086141665,0.03,0.07440000000000001,0.13635370670918096,0.07,0.13720000000000002,0.15915191903754516,0.08,0.1008,0.09720768145230774,0.0,0.1348,0.4665576063038732,0.0,5.5,19.110773575830642,0.0,1.3639999999999999,4.722012282914986,0.0,0.0,0.0,25.0,21.887999999999998,14.909038645510762,0.23,0.3836,0.4092358733053592,0.0,0.0432,0.06060253020020424,15.7,16.368,7.275227373308228,517.0,533.44,408.43543757449186,79.9,78.42,7.804966367640541,8610.0,9381.76,7369.592759440646,89.7,88.676,6.967859546996241,85.6,83.25200000000001,10.624700780100428,53.7,54.144000000000005,15.906159184416582,9.0,12.2,12.382783747337808,37.0,39.32,33.53445988829998,4.0,10.0,12.69514342836136,1.0,2.6,3.582364210034113,31.0,45.0,41.31182235954578,19.0,30.16,30.764806733235517,2.31,2.1908,1.4840426768346882,1.0,2.28,3.1953090617340916,0.1,0.1344,0.1664351725647757,17.0,23.6,20.816659994661325,11.0,14.0,12.328828005937952,21.0,19.68,15.691611347043574,8.0,9.24,7.7420927403383635,14.0,16.64,13.409822270758601,4.0,6.28,8.228608630868283,9.0,10.36,8.040936927166303,8.0,12.24,14.774076395272001,668.0,830.56,599.2430697694106,39.0,107.88,177.8879141482074,196.0,304.12,314.953478046097,366.0,355.88,288.75109235002617,118.0,178.52,184.73407012965063,23.0,30.88,38.860133813459775,11.0,28.8,45.46885380858711,45.2,47.424,22.381247358745075,45.5,37.236000000000004,21.968782396846667,321.0,421.8,318.0883001096813,714.0,1077.4,937.0678114914274,11.0,22.92,30.36983152186832,10.0,14.56,16.61846362734333,2.0,6.48,13.165991543872922,12.0,18.28,19.688236758701038,6.0,14.68,22.253688832790548,459.0,529.56,390.62184185390004,25.0,44.64,57.791204636461195,15.0,16.28,14.261019131417875,11.0,15.12,17.678423760807032,1.0,2.8,4.281744192888376,13.0,22.4,27.519689920733722,43.0,57.16,47.967593227094476,10.0,21.68,27.425231691515997,12.0,20.84,19.484352696458767,50.0,51.14000000000001,16.743232463695097
Southampton,9849.0,9848.51724137931,1542.4413769987607,20.0,18.655172413793103,10.37949854991961,13.0,13.241379310344827,9.840351229263666,1178.0,1184.3103448275863,856.2372878492552,0.0,0.8275862068965517,1.0713464664764276,0.0,0.5172413793103449,0.8289705171033532,2.0,2.8620689655172415,2.948657538743382,0.0,0.10344827586206896,0.40925259281898757,0.5,1.0724137931034483,1.3879317994062084,0.5,0.8103448275862071,0.9220880139220546,10.0,20.620689655172413,26.910451757506852,24.0,36.44827586206897,39.457559665776664,20.0,35.3448275862069,38.70610496519063,0.0,0.051379310344827595,0.07637894894776003,0.0,0.04310344827586207,0.09721491097694918,0.04,0.07758620689655173,0.08958855046480124,0.03,0.05448275862068966,0.058711534939697926,0.0,0.24931034482758618,0.7482452378469182,0.0,6.979310344827587,20.922380008538102,0.0,0.25517241379310346,1.3741455025101839,0.0,0.9862068965517242,5.310886671863684,25.0,22.317241379310346,22.822671512672866,0.14,0.2158620689655172,0.28653742265414617,0.0,0.0606896551724138,0.09269500812891546,17.0,14.924137931034485,8.28680772469169,257.0,499.7931034482759,481.213523983922,80.2,80.85172413793103,8.160734415902565,4218.0,8476.620689655172,8576.582746116615,90.9,89.59655172413792,7.08189254157696,89.5,85.36206896551724,10.849009625408982,55.2,51.844827586206904,19.551992704561137,5.0,8.827586206896552,9.449372486789198,13.0,32.241379310344826,39.483862139589746,5.0,7.0,7.764387566686396,1.0,1.8620689655172413,2.6011554840525677,24.0,36.44827586206897,39.457559665776664,15.0,20.03448275862069,20.125468510288663,1.37,1.405862068965517,0.8520585042010207,1.0,1.3793103448275863,1.8787114334687767,0.06,0.10758620689655173,0.14027155226340168,13.0,20.413793103448278,19.729450867347865,7.0,11.827586206896552,11.313926202179966,13.0,18.24137931034483,14.49545537749626,10.0,9.379310344827585,7.017395696733369,8.0,13.379310344827585,14.915030274150226,2.0,5.896551724137931,9.135272408113694,5.0,7.482758620689655,8.002770456246354,5.0,9.620689655172415,12.263225493620721,457.0,726.7931034482758,636.2733789872728,42.0,93.65517241379311,170.63940171812374,161.0,265.3448275862069,322.22610471775306,198.0,313.41379310344826,308.40204710750305,131.0,154.3448275862069,149.2857461050712,15.0,21.862068965517242,20.864741513463457,6.0,22.82758620689655,32.38172871666679,42.3,42.48275862068966,29.84034982758266,42.4,38.45172413793103,29.429268966815712,253.0,406.8965517241379,363.2547654615723,599.0,1101.344827586207,1119.5630294214304,10.0,20.620689655172413,26.910451757506852,9.0,15.241379310344827,18.795240986586002,1.0,5.103448275862069,7.5892067512553965,10.0,14.931034482758621,15.028380376766105,5.0,11.137931034482758,13.765184182076984,349.0,494.3448275862069,436.3488345563893,20.0,35.3448275862069,38.70610496519063,12.0,14.758620689655173,13.428794149709455,8.0,13.655172413793103,15.764507744725096,0.0,1.5172413793103448,2.6270663928633997,6.0,17.620689655172413,26.858642920061857,23.0,46.0,44.26059195266146,8.0,14.620689655172415,20.9172071904986,8.0,12.655172413793103,13.743247334259847,54.5,54.45172413793103,22.802124285276193
Everton,9469.0,10092.434782608696,1885.7634052429164,23.0,21.47826086956522,10.112411659204612,15.0,16.73913043478261,10.955353159339493,1324.0,1501.0869565217392,935.4977242595846,1.0,1.434782608695652,2.106830600182562,1.0,0.9565217391304348,1.1069310921135729,3.0,3.260869565217391,2.240482726077084,0.0,0.08695652173913043,0.28810406552003043,1.1,1.6260869565217393,2.0041360394998473,0.8,1.2434782608695654,1.11592851145929,12.0,19.434782608695652,20.47354409732566,37.0,41.608695652173914,35.7564223480263,24.0,40.73913043478261,40.92922648948632,0.03,0.08956521739130432,0.12924530098261586,0.03,0.07217391304347825,0.09811665236011535,0.05,0.10652173913043479,0.1227195137351163,0.05,0.07695652173913045,0.07002822694578209,0.0,0.05347826086956522,0.256472729290202,0.0,3.0913043478260867,14.82537483945802,0.0,1.2434782608695654,5.96351224203234,0.0,4.3478260869565215,20.851441405707472,31.6,29.721739130434777,23.988405466765496,0.19,0.34695652173913044,0.37926285898507595,0.04,0.07391304347826087,0.10347327851957207,16.8,15.769565217391307,7.11416223794665,420.0,453.39130434782606,345.2039896443886,73.9,73.8521739130435,8.463927176028085,6998.0,8560.91304347826,7831.581164589268,86.2,84.88695652173912,7.653715933383782,83.1,78.98260869565217,13.35748520744806,55.3,56.42173913043479,15.486415059121953,8.0,11.782608695652174,9.908474434172408,35.0,40.17391304347826,35.10329196413589,8.0,10.391304347826088,10.232475619919795,1.0,3.652173913043478,5.296728798832298,37.0,41.608695652173914,35.7564223480263,25.0,28.130434782608695,19.87758982057681,1.72,1.7991304347826087,1.1270634129271047,2.0,2.4347826086956523,2.106830600182562,0.1,0.17217391304347826,0.17451117499354718,24.0,29.73913043478261,28.108907341566283,13.0,17.47826086956522,16.88966753862306,23.0,26.304347826086957,22.50138335668336,8.0,12.652173913043478,11.436022415842501,11.0,15.695652173913043,14.366738045058662,3.0,5.608695652173913,9.252710317595806,7.0,10.08695652173913,8.617703994358784,9.0,13.304347826086957,13.02596980374449,688.0,775.0434782608696,524.2985338232122,31.0,97.43478260869566,213.71430081195197,144.0,277.04347826086956,356.65637629374885,298.0,314.0869565217391,239.23037832399856,157.0,192.2173913043478,147.10044698088544,18.0,28.782608695652176,26.198467203148862,16.0,26.0,29.672454321382745,46.0,42.80869565217391,22.056495910676915,45.0,45.752173913043485,23.279719413437515,356.0,379.82608695652175,253.8481385993518,743.0,1010.1739130434783,826.7089546219842,12.0,19.434782608695652,20.47354409732566,10.0,14.565217391304348,11.71566972033812,2.0,4.869565217391305,7.014947338790784,12.0,20.73913043478261,20.251189395607334,11.0,15.608695652173912,14.339199706446097,428.0,449.04347826086956,285.2605632273875,24.0,40.73913043478261,40.92922648948632,15.0,17.52173913043478,13.796803204225482,14.0,14.956521739130435,12.7367694664969,1.0,3.347826086956522,6.205633039660409,7.0,27.47826086956522,36.37540323452522,51.0,60.95652173913044,47.49686904596934,11.0,24.347826086956523,29.10265326181567,15.0,22.608695652173914,23.494175545972674,50.0,46.247826086956515,21.215021898414285
Manchester City,9744.0,9856.44,1793.5142895072418,23.0,19.88,8.973665174646682,17.0,15.36,8.625929901562305,1494.0,1381.36,766.2823065511387,1.0,2.64,4.414748010928823,0.0,1.92,2.5645012510557814,2.0,2.32,1.7492855684535902,0.0,0.04,0.2,1.3,2.5200000000000005,4.175424130153328,1.5,2.028,2.249355463238303,35.0,41.64,45.442161040161814,64.0,70.28,60.42179518462964,26.0,69.6,78.21764506810467,0.06,0.1784,0.24563998045920782,0.0,0.10200000000000001,0.1414213562373095,0.07,0.16080000000000003,0.2177904191342371,0.07,0.1164,0.12195900950729306,0.0,0.10280000000000002,0.35978604753380866,0.0,5.46,18.897707091955184,0.0,2.392,8.398904690493872,0.0,0.0,0.0,29.7,27.676,22.39051659371291,0.33,0.46360000000000007,0.5136704520734411,0.08,0.1168,0.20155065533673333,16.3,14.984000000000002,7.237787415133624,676.0,793.52,591.8990707882552,87.7,86.50400000000002,6.95680003066544,10078.0,12871.28,9746.228939612149,94.4,92.12800000000001,6.126072695182999,91.9,89.516,7.833990043394235,64.3,59.776,12.40884362057964,9.0,17.24,16.845573107891976,42.0,62.0,64.94548996402034,11.0,15.88,16.20267467632016,1.0,2.32,3.1717503054307414,64.0,70.28,60.42179518462964,33.0,39.76,33.9353306550366,2.08,2.3836,1.746314881877454,3.0,4.64,4.55411901469428,0.26,0.2756,0.2381015189647755,15.0,18.44,17.05891751157343,7.0,11.2,10.88959748261309,13.0,16.88,15.738276059763768,6.0,8.84,8.547319267856247,11.0,12.44,9.600694419328914,1.0,3.28,4.817675788178362,9.0,9.16,7.098591409568521,5.0,8.2,8.582928793055823,892.0,1033.8,699.0405925266429,39.0,78.52,139.2913971978648,197.0,241.56,242.91049105929258,331.0,447.28,395.86745677478126,324.0,353.4,278.85524918853514,22.0,48.52,51.759958784115476,21.0,29.68,41.02206723216176,44.8,44.06400000000001,28.555528945080553,35.1,34.556,24.924119509690474,590.0,664.68,466.34525121773606,1714.0,2051.96,1583.7090294621673,35.0,41.64,45.442161040161814,23.0,31.16,27.549470654321716,3.0,14.48,23.36863995471994,14.0,17.4,15.124483462254174,13.0,14.88,14.50953709346603,630.0,783.04,543.7994023534781,26.0,69.6,78.21764506810467,11.0,10.64,8.18474190185616,12.0,13.88,11.47214016650773,0.0,1.68,2.4617067250182343,8.0,23.6,32.247738938825876,46.0,53.0,35.29046141192641,5.0,11.12,13.488637193331776,8.0,11.96,11.11860302975753,47.3,45.18,20.939854345243187
Leicester City,9766.5,9937.038461538461,1628.7129515238523,21.5,20.23076923076923,9.717232907809475,15.0,14.807692307692308,9.968025805621616,1408.0,1329.1923076923076,824.5063016972408,0.0,1.1153846153846154,2.006527808467614,0.0,0.8461538461538461,1.189699380257305,2.0,3.1153846153846154,2.643133338701218,0.0,0.0,0.0,0.4,1.1846153846153844,2.171578652997364,0.4,0.9192307692307693,1.1405329388559475,15.0,21.03846153846154,22.97560579263279,30.5,38.84615384615385,34.95905297080264,20.0,38.26923076923077,40.63944654377831,0.0,0.06115384615384616,0.09778862604932838,0.0,0.056538461538461544,0.08574111301784262,0.045,0.0676923076923077,0.08585139217544197,0.025,0.06692307692307692,0.08132744829486444,0.0,0.3038461538461539,0.9234677121505741,0.0,6.376923076923077,18.396354153849238,0.0,0.6923076923076923,2.868577776797844,0.0,0.9615384615384616,4.9029033784546,27.75,28.97307692307692,24.52862095907241,0.21500000000000002,0.27499999999999997,0.2729725260900811,0.0,0.0476923076923077,0.06947273953473794,16.3,15.069230769230767,8.44614796132624,424.0,499.6923076923077,371.7056651955436,77.69999999999999,78.11153846153846,8.394823496563912,6483.0,8378.461538461539,6446.121694357123,89.05,88.78076923076924,6.981175788118746,83.0,84.38846153846154,9.071375945161877,53.2,55.057692307692314,17.751646077520203,6.5,9.038461538461538,9.331584085162687,24.5,34.80769230769231,31.72004947129715,5.5,7.6923076923076925,8.446392038115354,1.0,2.4615384615384617,4.0122888154345935,30.5,38.84615384615385,34.95905297080264,15.5,20.884615384615383,18.817708517408644,1.325,1.3634615384615383,0.9827876365021786,1.0,1.9230769230769231,2.365131318520423,0.10500000000000001,0.12423076923076923,0.1428054082147613,21.5,25.846153846153847,22.301017569056903,12.0,15.076923076923077,13.531956479158737,18.5,24.653846153846153,21.708878013738634,10.0,12.807692307692308,11.86598240608583,16.5,17.73076923076923,14.001593315927133,4.0,6.769230769230769,8.199061860031023,9.0,10.961538461538462,8.655545132368125,9.5,11.76923076923077,11.907334520564012,756.0,776.4230769230769,523.4231307901417,34.0,101.46153846153847,167.5229490593407,149.0,284.0769230769231,284.71149229729707,325.5,353.61538461538464,278.4136601423252,104.0,146.15384615384616,134.96449675605575,15.5,22.423076923076923,24.625471490995785,11.5,22.884615384615383,27.055981849604976,40.3,40.20769230769231,29.507801315271497,47.35,44.58846153846154,27.71658459367715,445.0,440.88461538461536,286.6084893261994,1080.5,1097.0384615384614,748.8048333588256,15.0,21.03846153846154,22.97560579263279,8.0,13.192307692307692,12.441926637845862,2.5,5.038461538461538,6.276819380742251,13.0,17.26923076923077,15.759588046158292,9.0,11.615384615384615,13.050906246163668,478.5,495.2692307692308,329.8464561206996,20.0,38.26923076923077,40.63944654377831,13.5,14.461538461538462,10.882024698486102,12.0,13.461538461538462,11.903716291077403,1.0,2.269230769230769,4.911681523125801,9.5,22.615384615384617,27.965803293418087,42.0,53.0,37.728503813429974,12.0,17.923076923076923,16.96566668757365,15.5,20.03846153846154,17.86276746583411,49.5,45.42307692307692,23.187225926225977
Bournemouth,9493.0,9664.739130434782,1401.5585875404213,26.0,22.217391304347824,10.180000543575314,17.0,16.695652173913043,11.632379505691295,1670.0,1494.608695652174,1004.3940615266696,1.0,2.347826086956522,3.5879684762496544,1.0,1.6956521739130435,2.0545909260769615,3.0,3.869565217391304,3.0793202884297664,0.0,0.08695652173913043,0.28810406552003043,1.1,2.6826086956521737,3.5771563330151,1.1,1.808695652173913,1.8742060242523695,19.0,29.869565217391305,34.65322279099552,43.0,58.47826086956522,52.052307227893714,31.0,57.65217391304348,71.61171101258647,0.03,0.13521739130434782,0.18007244918788032,0.04,0.10043478260869565,0.11451392376116482,0.08,0.1808695652173913,0.20232541393144277,0.1,0.12826086956521737,0.14858888291686634,0.0,0.14130434782608695,0.37557597400920684,0.0,10.434782608695652,27.582909871803725,0.0,1.9565217391304348,6.526019675600443,0.0,0.0,0.0,28.6,21.75652173913043,17.728836963519388,0.15,0.5382608695652175,0.6496058397486688,0.06,0.05217391304347827,0.05656504877645739,14.8,13.743478260869564,6.793969658117043,436.0,504.7826086956522,408.761205742617,74.3,73.93043478260869,6.575673818401266,7088.0,9147.95652173913,7897.391724074364,88.0,86.84347826086957,7.089930509145059,78.3,81.62173913043479,10.801807783116638,47.8,46.66086956521738,17.887546178847316,11.0,17.782608695652176,16.55831711293899,37.0,48.21739130434783,47.725499684739844,7.0,13.217391304347826,13.869379358661526,2.0,4.043478260869565,5.530726245831021,43.0,58.47826086956522,52.052307227893714,28.0,40.78260869565217,36.34550931588152,2.35,2.5721739130434784,1.868110266654366,2.0,3.9565217391304346,4.1939161658674236,0.21,0.22826086956521738,0.20687396632893185,21.0,27.956521739130434,23.433616608449036,10.0,16.130434782608695,14.50800515021742,25.0,25.608695652173914,21.310985494969454,13.0,13.565217391304348,10.710343712999732,16.0,18.82608695652174,16.694180188733828,3.0,5.739130434782608,7.2627154407372005,8.0,13.08695652173913,12.641608943478749,10.0,14.391304347826088,15.622650020911603,783.0,852.4782608695652,626.5489801331807,44.0,90.26086956521739,153.4657845761495,159.0,257.30434782608694,280.4485748975297,316.0,365.95652173913044,322.8818357261635,133.0,239.7391304347826,238.20430829462043,19.0,39.52173913043478,48.082192474985796,16.0,27.08695652173913,32.48623910558587,40.0,37.59130434782608,23.2561998193928,41.6,37.24347826086956,23.128235912898496,483.0,458.3478260869565,342.4985213897283,1183.0,1442.0869565217392,1300.3993062637435,19.0,29.869565217391305,34.65322279099552,17.0,21.08695652173913,20.42706102537483,1.0,9.08695652173913,16.02813731444646,18.0,23.52173913043478,21.605701194607686,8.0,14.08695652173913,17.222905053968788,435.0,499.69565217391306,370.4772640285168,31.0,57.65217391304348,71.61171101258647,16.0,20.52173913043478,17.98451244118215,10.0,15.608695652173912,13.894862132309528,0.0,2.739130434782609,5.074153680479389,10.0,32.95652173913044,41.37245269375788,59.0,73.21739130434783,57.25378631523709,20.0,23.17391304347826,21.29586424618862,22.0,24.608695652173914,20.979945251758842,46.0,48.0,20.800568174058043
Brighton,8954.0,9506.75,1887.3025552849722,21.0,19.535714285714285,10.035057595867647,10.0,13.75,10.127428835336973,929.5,1233.8214285714287,890.9927070230451,1.0,1.9642857142857142,2.999779533345284,1.0,1.3214285714285714,1.6113847605587088,2.0,2.6785714285714284,2.5970577572917,0.0,0.10714285714285714,0.314970394174356,0.75,1.910714285714286,2.643558108099664,1.0,1.3214285714285716,1.3985063839039513,18.5,26.357142857142858,30.01384160401144,40.0,49.785714285714285,50.207980141022105,27.0,49.464285714285715,62.59362299956474,0.045,0.1207142857142857,0.14892027624621398,0.035,0.09178571428571428,0.1313478156546529,0.09,0.1285714285714286,0.11850032929206586,0.08499999999999999,0.1025,0.07829786431030897,0.0,0.0775,0.3260723050922113,0.0,4.989285714285714,18.372772513729927,0.0,2.435714285714286,9.935205427081357,0.0,0.0,0.0,28.3,28.382142857142856,22.584344849367056,0.29500000000000004,0.44821428571428573,0.6493646671166141,0.045,0.07464285714285715,0.08908930778665171,16.1,16.210714285714285,5.873250048956381,343.0,517.2142857142857,488.97529719796813,80.55000000000001,79.32857142857142,8.156563235182071,4862.0,8798.57142857143,9292.458377545348,90.3,89.52857142857144,6.1105771772520345,82.1,81.2642857142857,10.622276183697698,52.55,54.046428571428564,15.593647380402656,9.5,11.892857142857142,10.064014682739266,23.0,38.642857142857146,48.632571226771304,7.5,10.928571428571429,10.509003446528764,1.0,2.857142857142857,3.8172540616821102,40.0,49.785714285714285,50.207980141022105,24.0,29.964285714285715,23.638452889866862,2.8099999999999996,2.4699999999999998,1.219735854829051,3.0,3.5357142857142856,3.0121008155025826,0.28500000000000003,0.2978571428571429,0.27518824725734825,16.5,22.642857142857142,19.76194301009877,10.0,13.821428571428571,12.092402179723866,18.0,22.857142857142858,18.713659668837042,9.0,11.714285714285714,9.160531857667648,12.0,14.428571428571429,12.257812539518143,2.0,4.0,5.450110430413654,9.5,10.428571428571429,9.949608484493698,8.5,10.357142857142858,9.945087325145108,644.5,775.75,627.333665426763,23.5,85.67857142857143,197.215440303694,121.5,247.39285714285714,328.1287393336944,229.0,337.5,329.7354158176589,149.0,199.46428571428572,179.5109574996297,17.0,34.57142857142857,42.02770565148712,12.5,26.678571428571427,31.832959359558476,43.349999999999994,43.90357142857142,22.508738749779386,45.1,44.7642857142857,21.94895111449417,377.0,455.5,391.5661336696996,1092.0,1366.392857142857,1430.1862696421806,18.5,26.357142857142858,30.01384160401144,16.0,18.571428571428573,18.6238170321382,3.0,8.5,14.995060915243121,10.5,18.892857142857142,19.16079965414396,7.0,11.5,12.366322247375164,417.0,511.25,430.0699878443559,27.0,49.464285714285715,62.59362299956474,11.0,14.607142857142858,12.464287609344773,8.0,13.678571428571429,14.560356048324099,1.0,1.4642857142857142,1.835496559257908,10.0,22.535714285714285,27.83879805682489,40.5,53.07142857142857,44.24755994229016,12.0,17.25,18.542493739356477,11.0,15.678571428571429,14.81754108513028,51.9,48.271428571428565,21.86979749170171
Crystal Palace,9927.0,9865.478260869566,1172.6931269349516,26.0,22.043478260869566,12.118649267927982,16.0,16.73913043478261,13.239807027240882,1424.0,1498.8695652173913,1124.099490272823,0.0,1.7391304347826086,3.292103379912547,0.0,1.391304347826087,2.0391426548425735,2.0,3.347826086956522,3.3385992660528365,0.0,0.17391304347826086,0.3875533878815898,1.0,2.330434782608696,3.3835746001970772,0.8,1.7478260869565219,2.102783775080805,11.0,19.956521739130434,22.424577143818148,35.0,46.26086956521739,39.804313826638015,10.0,45.34782608695652,63.34652799242948,0.0,0.07782608695652174,0.12645360348361803,0.0,0.05521739130434783,0.0772757497665101,0.07,0.13086956521739132,0.138725138427109,0.09,0.09217391304347826,0.07639351006104275,0.0,0.059565217391304354,0.2856647472581924,0.0,2.917391304347826,13.991317183229713,0.0,1.2434782608695654,5.96351224203234,0.0,2.1739130434782608,10.425720702853736,31.6,31.04347826086957,23.42302336837444,0.34,0.49173913043478273,0.4676989335995097,0.0,0.05434782608695652,0.08184386948533175,17.7,17.643478260869564,6.82327741078332,459.0,479.7391304347826,398.94773152647275,75.6,74.54782608695652,7.047686246061533,6835.0,8624.304347826086,7646.403072596722,85.2,84.62173913043478,6.299852561170788,82.5,80.55652173913042,10.417634790320975,46.7,50.15217391304349,17.95375042018234,6.0,14.73913043478261,16.156106054549465,27.0,36.08695652173913,32.01407793097829,4.0,11.0,12.558951896048997,1.0,2.782608695652174,4.263550822102186,35.0,46.26086956521739,39.804313826638015,26.0,34.43478260869565,35.42575602190192,1.95,2.0582608695652174,1.5225237785093808,3.0,3.3043478260869565,3.430276726296631,0.13,0.15782608695652173,0.16596704277818997,20.0,30.52173913043478,29.840286321465406,12.0,18.043478260869566,18.755552537532513,23.0,26.08695652173913,22.3035118381883,13.0,13.0,10.17572869849892,16.0,19.217391304347824,18.21826386733711,2.0,5.608695652173913,6.820684652616245,10.0,13.608695652173912,13.020051425798394,11.0,13.08695652173913,14.330238352005749,851.0,819.0434782608696,640.2672366967965,24.0,101.8695652173913,209.43936079400734,177.0,305.2173913043478,359.58258079482545,333.0,341.4347826086956,276.59748011850206,80.0,180.2173913043478,187.885834901202,15.0,31.434782608695652,36.00988006715092,10.0,19.434782608695652,29.188768211819426,40.0,36.417391304347824,26.298524883863614,42.9,41.71304347826087,29.47935031274706,427.0,410.7391304347826,321.21307249964786,916.0,1013.8695652173913,809.2890990553391,11.0,19.956521739130434,22.424577143818148,9.0,14.08695652173913,14.125776063888123,1.0,4.782608695652174,7.317205885875058,15.0,19.82608695652174,20.97542322449395,7.0,13.434782608695652,14.298207411345858,523.0,475.60869565217394,362.05897800953954,10.0,45.34782608695652,63.34652799242948,11.0,16.608695652173914,16.163199307615667,18.0,16.391304347826086,15.987890674549407,1.0,2.9130434782608696,4.776010540172823,7.0,24.608695652173914,32.13287629718876,56.0,67.04347826086956,55.06151787762613,11.0,20.608695652173914,22.118974023622965,17.0,25.91304347826087,25.794490326914705,43.6,43.33478260869565,21.60049681027251
Fulham,10525.0,10522.636363636364,1223.2814396202864,27.0,24.5,9.328655290223212,17.5,17.454545454545453,11.496282101814575,1620.5,1568.2727272727273,963.243685818079,0.5,2.227272727272727,3.2649920612726087,1.0,1.9090909090909092,2.561790499391112,2.5,3.409090909090909,2.986622409999868,0.0,0.09090909090909091,0.29424494316824984,1.05,2.122727272727273,2.684866196574141,1.0,1.6272727272727274,1.8822938939045366,22.0,32.81818181818182,36.188180606164984,53.0,65.31818181818181,49.51804516069669,39.0,64.18181818181819,71.84085345475945,0.015,0.16136363636363638,0.23915118658139675,0.08499999999999999,0.10272727272727272,0.11695264887090878,0.085,0.1459090909090909,0.15067021985619836,0.085,0.10090909090909092,0.08111773283374346,0.0,0.06090909090909091,0.285688959916518,0.0,3.1045454545454545,14.561608927088196,0.0,0.65,3.04877024388523,0.0,0.0,0.0,29.15,27.922727272727272,19.30511730377607,0.26,0.5236363636363636,0.5700755626986191,0.025,0.06954545454545455,0.09042109281563691,15.350000000000001,15.600000000000005,5.429022537647613,652.0,678.5454545454545,508.4215280812273,81.65,80.42272727272729,7.950437653013754,11199.0,12124.045454545454,9949.947357971645,90.5,88.66363636363639,6.539079988772664,85.25,84.37727272727271,9.081741589751951,58.2,59.15909090909091,12.973807279464088,10.0,16.454545454545453,16.947333749357778,44.5,56.5,48.66185560042065,8.0,13.863636363636363,18.898968111275167,2.5,4.5,7.209451468467658,53.0,65.31818181818181,49.51804516069669,30.5,38.63636363636363,31.625103733382222,2.1950000000000003,2.5418181818181815,1.7431652555696229,3.0,4.136363636363637,4.2683269226495195,0.18,0.22863636363636364,0.1973948292502076,23.5,28.272727272727273,23.005551748554332,12.0,17.227272727272727,14.421979978266037,19.0,23.727272727272727,20.598617193953345,8.5,11.636363636363637,11.244238543934419,14.0,15.454545454545455,11.206831559056896,2.0,4.590909090909091,6.299350615882417,11.0,10.863636363636363,8.049226254121777,8.5,12.727272727272727,13.718884510330723,976.0,1000.6363636363636,689.4235373504547,26.5,109.04545454545455,236.86171920758753,155.5,334.95454545454544,397.40305523698265,388.5,412.1363636363636,324.87701635784543,209.0,264.1363636363636,227.07693167830348,32.0,39.04545454545455,38.11695944592902,18.5,26.818181818181817,27.093552850458835,42.85,41.46818181818182,20.635069233009183,39.650000000000006,35.768181818181816,16.836875243505485,533.5,590.0454545454545,418.937258317909,1222.5,1603.3636363636363,1309.0666811731082,22.0,32.81818181818182,36.188180606164984,18.0,23.272727272727273,23.41180373470942,4.5,9.227272727272727,11.156598808315058,14.5,21.227272727272727,18.29892481406078,8.0,11.545454545454545,11.677113442755378,632.5,671.6818181818181,460.80461579653684,39.0,64.18181818181819,71.84085345475945,15.5,17.954545454545453,14.297776293060643,15.5,14.954545454545455,11.004229804628473,1.0,1.8636363636363635,3.211518770590142,15.0,37.90909090909091,51.353962234957464,61.0,67.72727272727273,44.738586539374765,15.0,22.318181818181817,23.04113580954592,19.0,22.272727272727273,21.173167696474476,47.2,45.91363636363636,21.26887498881977
Manchester Utd,9391.5,9302.8,1857.7429464736,20.0,17.666666666666668,11.454056150501907,11.5,12.833333333333334,10.780196829286604,1071.0,1149.6666666666667,931.0153276020138,0.0,1.3333333333333333,2.2641635942681337,0.0,0.9333333333333333,1.9988502442280596,2.0,2.6,2.471911169032214,0.0,0.1,0.4025778999364487,0.7,1.6033333333333333,2.2676865521607197,0.35,1.2,1.707589549325457,10.0,21.066666666666666,31.189004841265866,22.0,43.2,55.75092391379159,14.5,42.7,64.32576037852846,0.0,0.07433333333333335,0.11705240009421462,0.0,0.044000000000000004,0.08528249203837715,0.06,0.12666666666666665,0.16103829772241549,0.06,0.08099999999999997,0.08742878875661195,0.0,0.17666666666666667,0.7600741040702288,0.0,3.4099999999999997,13.797859654108777,0.0,0.91,4.98427527329701,0.0,0.8333333333333334,4.564354645876385,21.95,21.163333333333338,18.229447252356195,0.185,0.36599999999999994,0.45842007538636587,0.0,0.043,0.06492170350666175,15.649999999999999,12.639999999999999,8.01225785044821,286.0,512.8666666666667,464.77074313919644,82.6,81.94666666666664,7.5975374110723335,3685.5,8413.766666666666,8136.406631598045,90.9,90.26,4.877859903828656,86.55,84.87333333333332,8.863911074702287,54.85,57.906666666666666,18.43607657665345,6.0,12.2,17.307363392100108,18.0,33.93333333333333,39.777773496864,5.0,9.933333333333334,14.694435572066357,1.0,2.2,2.929045978612761,22.0,43.2,55.75092391379159,14.5,28.266666666666666,35.942418828792924,1.83,2.1653333333333333,1.4409856141647928,0.5,2.2,3.916367070957823,0.015,0.11699999999999999,0.20710067516831618,13.0,25.1,27.822528703341753,8.5,15.133333333333333,17.010611968422236,10.0,22.033333333333335,24.512464574991842,5.0,9.933333333333334,12.22471587240045,8.0,11.6,11.180648306414263,1.0,3.2666666666666666,4.784553691096852,6.0,8.333333333333334,8.667550794867555,5.0,11.466666666666667,12.721779677424045,517.0,756.2666666666667,662.1173421023223,22.5,79.2,182.86897514057847,126.5,265.8333333333333,314.013736063857,206.0,319.6,307.20975649018476,78.0,177.86666666666667,219.13760962925323,17.0,29.033333333333335,37.52836475147219,5.5,19.5,25.456860060461718,42.2,42.91,30.875158522558284,49.1,42.089999999999996,29.390490486456375,310.0,461.8333333333333,401.0441615835217,744.5,1155.9333333333334,1107.4359305304688,10.0,21.066666666666666,31.189004841265866,9.5,14.8,18.162864729232936,1.0,7.0,15.251907738219911,9.5,15.7,17.765037340915946,4.5,11.066666666666666,13.801382572754813,385.0,508.0,438.91213479347493,14.5,42.7,64.32576037852846,9.0,12.533333333333333,11.667027909021435,7.0,11.3,11.567344045884608,0.5,2.066666666666667,3.1615506162088525,6.0,19.033333333333335,35.19647644328888,31.5,53.1,51.33483726711695,8.5,14.633333333333333,15.979476779948698,10.0,15.166666666666666,17.60502148846162,49.3,46.663333333333334,22.748254701273744
Ipswich Town,9749.0,9822.1,1151.6192004124543,18.5,18.2,9.01493014488972,11.5,12.833333333333334,9.684980669816158,984.5,1146.7666666666667,798.9912900709215,0.0,1.1333333333333333,2.315365962484092,0.0,0.8333333333333334,1.0854312136382616,2.0,2.966666666666667,2.645534081185242,0.0,0.16666666666666666,0.3790490217894517,0.6,1.0699999999999998,1.7597315626008965,0.4,0.7100000000000001,0.9714369023114233,9.0,15.066666666666666,18.26799223313512,20.0,27.666666666666668,25.772657702640434,14.5,27.233333333333334,35.37063201577549,0.0,0.09166666666666669,0.15090721820293132,0.0,0.06766666666666668,0.1035801649675875,0.04,0.09133333333333332,0.11437184767341081,0.03,0.05700000000000001,0.05820001184974402,0.0,0.23166666666666666,0.7160768757291518,0.0,6.21,19.034023076658244,0.0,0.7433333333333333,3.182244201961807,0.0,0.0,0.0,14.3,23.003333333333334,24.75399631036034,0.085,0.2986666666666667,0.40060069837711204,0.0,0.05900000000000001,0.07711835954758339,15.55,13.253333333333334,8.222120430145504,226.0,347.06666666666666,310.18681060171525,75.7,75.11333333333332,8.136538844485173,4256.5,6204.0,5602.8580145345895,87.0,87.14333333333335,7.354974077327595,84.4,81.58666666666667,10.94483765363232,49.5,45.286666666666676,17.749671844141588,4.5,8.266666666666667,11.08255333872782,18.0,26.266666666666666,28.851502480846623,4.0,4.9,5.984750736606357,0.0,1.5,2.837556014941561,20.0,27.666666666666668,25.772657702640434,13.0,19.166666666666668,21.09107236091454,1.395,1.519333333333333,1.2287305850245256,1.0,1.8666666666666667,2.0800088417141875,0.11,0.14133333333333334,0.1605106792737466,12.5,18.4,16.581252396441073,8.0,10.5,9.475012510227389,12.0,18.733333333333334,16.794772038229393,6.5,9.8,9.440923391425153,8.0,13.433333333333334,13.957282942121536,2.0,5.766666666666667,9.626412420624519,6.5,7.666666666666667,7.562764196962019,6.5,9.666666666666666,9.440679889796561,438.5,580.0666666666667,467.2063660800729,28.0,93.56666666666666,133.99065416027662,127.5,238.9,253.51995772624542,163.0,228.16666666666666,214.50891522881673,102.5,119.46666666666667,122.43358039849771,11.5,17.766666666666666,21.382692539291796,8.0,19.0,27.014683108418573,39.65,32.489999999999995,22.281155637707037,42.9,33.18666666666666,21.74331024085075,224.0,285.93333333333334,222.54343757836446,597.5,780.4,623.8107361073218,9.0,15.066666666666666,18.26799223313512,6.5,9.966666666666667,11.07181364868757,1.5,4.433333333333334,7.654988607092283,11.0,16.733333333333334,21.005636900822488,5.0,10.633333333333333,14.377864532180956,255.0,343.7,282.9609635560208,14.5,27.233333333333334,35.37063201577549,8.5,13.4,14.76388884383459,9.0,12.266666666666667,11.779389754503658,0.5,1.5,2.776129779337439,6.5,15.133333333333333,28.755489231093605,39.5,44.3,35.80709812121151,7.0,16.833333333333332,22.68993903326612,14.5,16.766666666666666,18.1937528750437,50.0,52.136666666666656,26.472112630586114
Newcastle Utd,10028.0,10208.521739130434,1724.5470253628187,27.0,23.217391304347824,10.144216989986017,14.0,16.73913043478261,12.588657922923923,1503.0,1502.8695652173913,1050.9113060208886,0.0,2.782608695652174,5.187016323467755,1.0,2.0869565217391304,2.843062425021507,2.0,2.608695652173913,3.0262357421057633,0.0,0.043478260869565216,0.2085144140570748,0.5,2.6347826086956525,4.436994139735529,0.9,1.8826086956521737,2.2774890826827536,14.0,29.82608695652174,33.44011224142897,59.0,63.17391304347826,62.650293602963664,22.0,62.69565217391305,71.58557166878144,0.0,0.16086956521739132,0.2581034507796202,0.04,0.10304347826086957,0.1267938478077593,0.12,0.14304347826086955,0.16196056710336215,0.08,0.09739130434782607,0.09031346377551043,0.0,0.10956521739130434,0.36346161809204414,0.0,6.121739130434783,20.28272790783821,0.0,3.391304347826087,11.71533234089872,0.0,2.1739130434782608,10.425720702853738,25.0,21.543478260869566,17.064738393619976,0.3,0.3830434782608696,0.4077703763662795,0.0,0.07739130434782608,0.10527960137843971,14.6,14.27826086956522,5.687143117413581,479.0,616.8695652173913,528.14007304776,81.8,79.71304347826086,6.826839036134985,6849.0,10418.652173913044,9383.7411206284,88.6,87.73478260869565,7.614078389622749,86.8,85.29565217391303,11.200262913345528,51.5,49.54347826086956,19.744454367261447,8.0,15.826086956521738,16.587651962482774,26.0,45.608695652173914,48.60764916463512,8.0,15.478260869565217,18.7734570004311,0.0,2.8260869565217392,4.657859183564167,59.0,63.17391304347826,62.650293602963664,32.0,37.130434782608695,35.94352179313097,1.89,2.063913043478261,1.3870922468191405,3.0,4.826086956521739,5.382228111724763,0.23,0.22173913043478263,0.21126571321685797,22.0,24.434782608695652,22.0223565887786,15.0,14.956521739130435,13.69299177372918,27.0,24.0,22.207697273283834,9.0,11.608695652173912,10.760783726251637,17.0,17.130434782608695,14.194443047852747,3.0,5.6521739130434785,7.189693985472754,9.0,11.478260869565217,10.290638133837037,6.0,11.043478260869565,11.845514152353068,773.0,923.6521739130435,736.155221323209,26.0,91.73913043478261,145.62130756654847,122.0,301.7391304347826,343.4360093090393,232.0,387.82608695652175,354.6575367582742,133.0,243.1304347826087,228.0706239000674,33.0,43.0,46.887680103141655,8.0,26.956521739130434,30.859620955766726,43.8,39.326086956521735,20.368318031851334,46.9,41.06956521739131,20.52857066234119,498.0,525.5217391304348,429.8606401619882,1519.0,1429.9565217391305,1147.0369922805799,14.0,29.82608695652174,33.44011224142897,14.0,18.434782608695652,17.450777755411785,4.0,10.73913043478261,15.91516541285629,11.0,19.130434782608695,17.67459488497052,8.0,17.956521739130434,20.318997516586574,567.0,612.304347826087,506.3999887604668,22.0,62.69565217391305,71.58557166878144,9.0,15.826086956521738,16.94282410159385,11.0,18.217391304347824,24.09631530062623,2.0,3.0869565217391304,4.31606979763114,10.0,27.52173913043478,39.35487675130837,49.0,66.52173913043478,58.23765539518958,7.0,19.304347826086957,29.006950237061048,14.0,18.434782608695652,19.699621793685004,50.0,49.52173913043478,24.04503268531662
Liverpool,9656.0,9935.380952380952,1346.7349953198097,28.0,25.19047619047619,8.92535180045609,20.0,18.333333333333332,11.921968517544967,1717.0,1643.095238095238,977.4990488364634,1.0,3.8095238095238093,6.493219907095766,2.0,2.857142857142857,3.99106144134257,3.0,3.0476190476190474,2.2688364964490164,0.0,0.09523809523809523,0.30079260375911915,1.7,3.6761904761904765,5.513973590969107,1.2,2.6761904761904765,3.1846357345707155,24.0,35.666666666666664,36.51620644773131,71.0,83.95238095238095,68.39990949590225,54.0,83.04761904761905,111.0078718787439,0.04,0.16523809523809524,0.23183224641147415,0.16,0.13904761904761903,0.13190544954264635,0.07,0.18428571428571427,0.20711280570190313,0.11,0.1304761904761905,0.10938355408726626,0.0,0.10095238095238096,0.32189912646518265,0.0,6.619047619047619,20.913718441435012,0.0,3.619047619047619,11.447603201003215,0.0,4.761904761904762,21.82178902359924,29.6,26.995238095238093,17.966676826571916,0.35,0.4842857142857144,0.4350812731958413,0.06,0.06476190476190476,0.07032915807963633,14.3,13.276190476190477,6.6814597777659905,681.0,807.1428571428571,634.1773636542293,83.8,82.94285714285714,7.54556634246704,11124.0,13712.952380952382,11314.636509743434,91.7,91.29523809523809,5.9198375138576385,88.3,86.79047619047618,9.57365681241524,60.8,60.27619047619047,15.250308349731974,12.0,22.428571428571427,22.80914603524522,41.0,69.57142857142857,71.30748307756447,8.0,19.047619047619047,23.236772991265788,1.0,3.7142857142857144,5.959386353835915,71.0,83.95238095238095,68.39990949590225,35.0,50.80952380952381,45.6318080373976,2.54,2.6233333333333335,1.506068834194949,4.0,6.523809523809524,6.630377422281839,0.32,0.32857142857142857,0.2381866015183414,26.0,28.476190476190474,23.932444604801756,16.0,17.61904761904762,14.66791120260888,20.0,28.952380952380953,28.308083987575337,9.0,13.761904761904763,14.320980280360565,9.0,15.952380952380953,14.796878692738515,2.0,4.190476190476191,4.718252299517775,9.0,11.761904761904763,12.879847677301008,7.0,13.095238095238095,15.952757635922266,860.0,1139.4285714285713,817.5648947593439,32.0,102.33333333333333,159.90288719511392,187.0,314.6190476190476,329.93703584024576,307.0,513.4761904761905,469.2663016931451,218.0,321.23809523809524,285.0820767361401,44.0,57.38095238095238,73.48841826470085,19.0,29.285714285714285,35.42194638517604,48.0,52.19047619047619,23.49952988384884,43.2,36.4,20.02058940191322,550.0,655.0,456.14197351263346,1598.0,1773.3809523809523,1235.2182186233524,24.0,35.666666666666664,36.51620644773131,19.0,24.285714285714285,21.185237447672982,6.0,14.047619047619047,26.175324621628267,19.0,23.047619047619047,25.32879031946885,11.0,14.952380952380953,16.16934194850301,606.0,798.2380952380952,570.0718292252218,54.0,83.04761904761905,111.0078718787439,16.0,19.047619047619047,16.478701983093785,12.0,15.666666666666666,13.547447484058882,1.0,2.619047619047619,4.3985928485845385,6.0,32.095238095238095,45.267985112996534,66.0,70.71428571428571,48.99096126546493,9.0,18.095238095238095,26.134086480886914,12.0,16.285714285714285,13.126853610606227,42.9,50.223809523809514,21.815955279609117
Aston Villa,10089.5,9908.92857142857,1473.1184088731113,20.5,19.428571428571427,10.333077313776704,9.5,13.75,11.660712766474536,1004.0,1235.357142857143,943.1826033597223,1.0,1.8928571428571428,3.2924074914790076,0.0,1.5,2.3959842947608694,2.0,2.4285714285714284,2.2513958045583786,0.0,0.07142857142857142,0.262265264156481,0.8,1.9535714285714287,2.9725263158486417,0.45,1.4321428571428572,2.0083259237168196,16.5,23.785714285714285,23.6601824338747,34.0,44.17857142857143,48.1994725431633,21.0,43.75,51.99617151148584,0.035,0.16999999999999998,0.2806342023979892,0.0,0.08535714285714287,0.11429274118609059,0.08,0.19321428571428573,0.24695259061322278,0.05,0.09071428571428573,0.103563491759388,0.0,0.12000000000000001,0.44913084788123664,0.0,4.367857142857143,16.10849910408302,0.0,4.2,19.066977464444374,0.0,1.7857142857142858,9.449111825230679,25.0,25.914285714285715,22.409384844313085,0.195,0.4642857142857143,0.6783991427068558,0.04,0.06642857142857143,0.07889112449325035,16.1,15.078571428571431,6.79740457783035,402.5,491.0,427.63665781959236,81.94999999999999,81.24285714285713,7.185552818828159,5738.0,8421.57142857143,7968.745504822884,91.45,90.07142857142857,5.500024049971469,86.45,86.43928571428572,7.728462991542382,53.9,54.48571428571428,15.355026063046113,6.5,12.107142857142858,14.937745592499672,23.5,38.0,46.91047423116284,7.5,10.5,12.671051872498808,0.0,1.8571428571428572,3.6989917116073245,34.0,44.17857142857143,48.1994725431633,20.0,28.642857142857142,29.93352423313822,1.825,2.1085714285714285,1.379749613049047,2.0,3.4285714285714284,3.881853045748006,0.18,0.2310714285714286,0.20994424807931103,10.5,21.392857142857142,20.55226271351898,6.0,12.321428571428571,12.516814088282807,10.5,18.214285714285715,19.028939253161987,5.5,7.964285714285714,8.234894781567768,10.0,10.857142857142858,9.151863949852716,2.5,3.607142857142857,4.314826168888484,5.5,7.25,6.369051327695108,5.0,8.071428571428571,8.379554356702464,655.0,721.4642857142857,574.5980548202149,30.0,86.96428571428571,191.6212472064421,133.0,242.96428571428572,300.24082705855346,244.0,308.7142857142857,300.822065919233,117.5,176.96428571428572,169.99226172864178,20.5,31.535714285714285,37.602681290190475,17.0,24.285714285714285,30.09596643683661,45.9,48.267857142857146,26.13912993495793,39.45,37.51428571428571,23.614225378183384,397.0,408.2857142857143,318.5088936653345,1086.5,1180.8214285714287,939.9880635007072,16.5,23.785714285714285,23.6601824338747,12.5,14.75,13.11099340813457,2.0,7.178571428571429,10.583192724975213,9.0,16.785714285714285,21.64076595970557,8.0,12.892857142857142,15.317236201995607,483.5,482.0357142857143,387.3446624985783,21.0,43.75,51.99617151148584,8.5,13.535714285714286,13.546851876624167,9.0,16.392857142857142,17.847791202096992,1.0,1.8214285714285714,2.868133622443431,4.5,19.964285714285715,34.23717077145631,37.5,46.75,36.89587450590588,8.0,12.428571428571429,12.179000054521813,9.5,13.857142857142858,13.903674669387561,48.6,38.92857142857143,24.751099596117566
Wolves,9992.5,10167.666666666666,1458.604027879029,25.0,21.875,9.79490772755437,14.0,16.0,11.135528725660043,1252.0,1436.6666666666667,903.1366436489272,0.5,2.0833333333333335,3.8776580411451924,1.0,1.625,2.203011772452707,2.0,3.0833333333333335,2.764946208560283,0.0,0.08333333333333333,0.28232985128663995,0.75,1.6875,2.451851562994082,0.9,1.3416666666666668,1.7636219319458974,11.0,22.583333333333332,27.601065931947453,29.5,44.0,41.273214811419344,27.0,43.375,47.61696126381859,0.035,0.11708333333333333,0.1652265682043288,0.035,0.09625,0.12903698492393906,0.07500000000000001,0.10666666666666667,0.11686732226971212,0.05500000000000001,0.07625,0.0761470259774956,0.0,0.1708333333333333,0.5895238805995068,0.0,9.3125,25.99741312381743,0.0,5.245833333333334,20.862239222152514,0.0,1.3875,6.797334036223319,26.4,26.766666666666666,18.940310512735547,0.21500000000000002,0.335,0.39930374185683454,0.03,0.08583333333333336,0.11469872319014399,17.35,15.791666666666666,8.070823279306584,449.5,540.9166666666666,417.37637239293275,80.25,77.05,9.371000596196387,8035.0,9238.25,6612.640288640879,90.7,88.81666666666666,7.179176812848735,86.6,85.47500000000001,9.681055008983087,52.65,51.51666666666667,16.044683981243477,9.5,11.875,12.463206719746344,25.0,37.625,33.49602507241977,4.0,10.375,12.596799110333029,1.0,2.6666666666666665,3.4599153880916833,29.5,44.0,41.273214811419344,20.5,28.291666666666668,28.084467572674043,1.6749999999999998,1.7062499999999998,1.0991689054047589,3.0,3.75,4.131006825376152,0.16999999999999998,0.24208333333333334,0.24028930328951875,21.0,30.75,28.343007726007517,11.5,18.125,17.622398050307407,19.0,25.708333333333332,23.71841912516729,7.5,11.708333333333334,13.245111211858237,14.5,17.291666666666668,12.868833826651544,4.0,5.625,6.034772428258547,9.5,11.666666666666666,10.51155334016759,9.0,11.583333333333334,9.925446728164086,725.5,840.7916666666666,585.4083657671326,51.0,100.375,148.8801129885327,238.5,299.5833333333333,257.50726738021046,293.5,377.25,319.5905328629936,121.5,174.16666666666666,185.93586240297012,20.5,27.125,31.679526374369107,14.0,27.208333333333332,34.5580534459193,44.95,38.62083333333333,25.69056634789047,39.85,37.583333333333336,25.88099296977319,386.0,461.3333333333333,315.0738583759117,988.0,1274.6666666666667,929.522723096979,11.0,22.583333333333332,27.601065931947453,12.5,17.166666666666668,21.664771377528535,2.5,5.458333333333333,8.576911203755198,16.0,22.083333333333332,22.732693688140888,10.5,13.833333333333334,15.23915627775931,466.0,536.5,379.3030221454815,27.0,43.375,47.61696126381859,14.5,18.958333333333332,17.588235115916365,9.0,16.208333333333332,17.062491705152734,1.0,2.4166666666666665,3.2825847009392737,9.5,20.75,30.341892406087805,42.5,62.916666666666664,51.304645663591394,9.5,17.083333333333332,17.445359833209086,15.5,18.25,19.627509532153656,41.2,48.4,25.21329876836049
Nott'ham Forest,9908.0,9957.954545454546,1311.7613559555546,30.0,24.5,10.88795752414653,19.0,17.5,13.3014499746671,1804.0,1572.6818181818182,1104.9251380098385,1.0,2.409090909090909,4.159430946760122,1.0,1.7727272727272727,2.4867614851414044,3.0,3.727272727272727,3.2393682244392186,0.0,0.09090909090909091,0.29424494316824984,1.4,1.9227272727272728,2.6047450872776343,1.1,1.4090909090909092,1.4319181577134954,13.0,26.181818181818183,33.95183754566567,35.0,45.95454545454545,43.84765538904997,18.5,45.59090909090909,58.06126410620415,0.065,0.11727272727272729,0.15848033731670724,0.055,0.09045454545454545,0.10499330013669002,0.07,0.11045454545454546,0.1312023980881038,0.065,0.085,0.08500700251267819,0.0,0.05454545454545454,0.25584085962673253,0.0,3.377272727272727,15.840813225221858,0.0,1.6863636363636365,7.909746576793145,0.0,0.0,0.0,32.9,35.49545454545454,27.358510076264633,0.265,0.42363636363636364,0.4014680851283491,0.055,0.07136363636363638,0.0804330810020387,18.450000000000003,17.386363636363637,8.25650078391598,390.0,443.8636363636364,344.0947122460195,76.85,73.85909090909091,8.546492407270508,5741.5,7599.045454545455,6391.0960195547705,88.05000000000001,86.27272727272728,7.7672193846766655,81.65,77.93636363636364,11.844449994448695,42.3,44.89545454545454,15.64424364766029,10.0,14.136363636363637,15.125807194660496,27.0,39.81818181818182,38.3252202971165,7.0,9.954545454545455,10.705927475790368,1.0,2.5454545454545454,3.5553751757996848,35.0,45.95454545454545,43.84765538904997,23.5,33.36363636363637,32.429477264843406,1.755,1.889090909090909,1.2752176624326088,2.0,3.8181818181818183,4.875950345818934,0.15500000000000003,0.2109090909090909,0.22064643320218996,20.5,28.727272727272727,25.941659487582843,13.0,17.318181818181817,16.01899575841835,18.5,27.545454545454547,27.1919583223165,7.5,13.681818181818182,14.403658145254905,11.0,18.272727272727273,18.03219823427452,3.5,6.818181818181818,10.064725594803928,8.5,11.454545454545455,10.572773987159179,11.0,13.5,11.342083456881154,849.0,787.0,571.4851162499668,35.0,104.86363636363636,177.05078514223123,154.0,271.27272727272725,291.76085801285654,246.0,314.90909090909093,266.41355411874565,127.0,210.86363636363637,207.453562320536,21.0,32.45454545454545,32.12583483847951,12.5,25.181818181818183,28.135110015502256,40.45,40.36818181818182,29.336526661089188,37.8,32.14545454545455,25.107933242071354,369.5,359.6363636363636,275.2719080774923,834.5,1099.409090909091,1012.9616482699632,13.0,26.181818181818183,33.95183754566567,10.5,16.5,17.82387377060543,2.0,7.909090909090909,12.701365096897078,18.0,23.681818181818183,24.08395309198215,10.0,13.363636363636363,13.425439443177428,452.0,440.3181818181818,334.7605236958328,18.5,45.59090909090909,58.06126410620415,12.0,16.954545454545453,14.045766258326733,10.0,17.40909090909091,17.14825852857282,1.0,3.772727272727273,6.301411921767391,6.5,24.545454545454547,37.851498394857906,47.0,66.31818181818181,54.88202617011144,13.5,24.136363636363637,26.80493105763059,19.0,23.363636363636363,27.27556983743346,44.3,50.42272727272728,20.81498845997145
Tottenham,9486.0,9377.535714285714,1626.2096234551034,20.0,18.678571428571427,9.699383605572176,15.0,13.75,8.324995829161452,1276.0,1235.357142857143,717.5928492916421,0.5,2.142857142857143,3.217018238867531,1.0,1.6428571428571428,2.3603873774083297,2.0,2.357142857142857,2.3287937700192396,0.0,0.03571428571428571,0.18898223650461365,0.6499999999999999,2.0250000000000004,2.8822091578561104,0.75,1.525,2.004739754053249,16.5,28.464285714285715,29.11850899578421,47.0,54.892857142857146,47.48671493415917,31.0,54.5,68.84147113585057,0.03,0.13,0.1916400947764479,0.060000000000000005,0.11357142857142857,0.14939914932858828,0.06,0.1357142857142857,0.17010734239446557,0.07500000000000001,0.10285714285714286,0.11054937368055967,0.0,0.26142857142857145,0.6603406207781977,0.0,8.578571428571427,21.58714221463112,0.0,2.025,6.138622417544933,0.0,0.0,0.0,31.65,28.210714285714285,21.293371239194574,0.28500000000000003,0.3875,0.3957236690194589,0.025,0.06392857142857143,0.07927165135781333,16.45,14.064285714285713,7.490844499971369,679.5,561.1428571428571,381.3057210560221,83.05,80.05357142857142,8.51014567237714,10200.0,9319.17857142857,6553.153185347869,91.05,89.59642857142855,7.068997631434566,89.9,84.99642857142858,11.297737634649499,53.650000000000006,53.825,14.888440084446326,6.5,13.035714285714286,17.546725225453496,37.5,43.5,39.67880299867181,7.5,12.892857142857142,16.522351383447067,1.0,2.9285714285714284,5.054726951108689,47.0,54.892857142857146,47.48671493415917,16.5,30.25,36.32224601474358,1.57,1.885,1.5295860006332869,2.0,3.6785714285714284,4.57087050165033,0.19,0.2407142857142857,0.24820732927711525,13.5,22.035714285714285,20.840633641566914,8.0,13.964285714285714,14.009208989373258,14.0,19.928571428571427,17.861459795653488,8.0,9.892857142857142,8.659566688818513,12.5,14.607142857142858,12.356852307193726,4.5,5.071428571428571,5.227623009364995,8.5,9.535714285714286,9.3431779146591,7.5,10.392857142857142,10.816103514579327,888.5,818.9285714285714,529.0486870104803,49.0,84.32142857142857,117.65393496478737,219.0,266.64285714285717,231.43853104181605,370.0,345.89285714285717,263.82434381901606,159.5,214.39285714285714,227.64028467375718,23.5,34.607142857142854,42.26139056248778,18.5,27.5,29.646684906173338,41.0,41.135714285714286,27.116787396927364,46.349999999999994,39.582142857142856,25.81428048037707,582.5,510.07142857142856,318.7143070585466,1486.0,1412.142857142857,884.5636595095165,16.5,28.464285714285715,29.11850899578421,18.0,19.142857142857142,17.152290173649064,4.0,8.392857142857142,11.895655247047712,15.0,17.75,18.205870034241805,10.5,14.214285714285714,16.31939800736385,619.0,556.3928571428571,349.2719771484165,31.0,54.5,68.84147113585057,9.5,14.535714285714286,13.281795234684381,10.5,16.428571428571427,15.276291413987865,1.0,2.107142857142857,3.1545297908021412,11.5,25.892857142857142,42.08838960666635,53.5,55.642857142857146,41.650409526877574,9.0,14.178571428571429,14.021289557189839,10.0,14.392857142857142,14.184862264411223,52.0,52.817857142857136,24.746897352424376
Chelsea,8877.0,8837.576923076924,867.626286972769,18.0,19.692307692307693,11.2632827568848,11.5,14.807692307692308,11.79158761412298,1046.5,1329.5,1029.0452371008769,1.0,2.269230769230769,3.6502897672123757,1.0,1.7307692307692308,2.254909174360552,2.5,3.6923076923076925,3.1971140832848715,0.0,0.038461538461538464,0.19611613513818402,0.75,2.5653846153846156,4.209507553877751,1.05,1.9653846153846155,2.476278224706151,11.0,31.192307692307693,41.09892381147636,34.5,57.53846153846154,63.00300359140396,11.5,56.80769230769231,76.25746873888183,0.05,0.1453846153846154,0.20468963372346471,0.065,0.13153846153846155,0.1841888662800726,0.08,0.15615384615384617,0.17830483836569153,0.095,0.15423076923076923,0.17029792898149002,0.0,0.1,0.35777087639996635,0.0,5.68076923076923,20.080438625304364,0.0,1.7038461538461538,6.2134358140552655,0.0,0.7692307692307693,3.922322702763681,31.45,26.434615384615384,22.548258332876927,0.275,0.45461538461538453,0.48535538129688655,0.06,0.08269230769230769,0.11525823848411679,13.65,13.334615384615386,6.510664623996067,521.0,648.7307692307693,587.2944445636998,84.75,84.0576923076923,6.4410044606053845,7782.0,11225.0,10550.480872453161,91.9,91.06538461538463,5.697082924282729,90.7,88.54230769230769,7.3022283216521275,57.5,57.15384615384616,17.983575412453014,6.5,16.807692307692307,21.85043565839222,27.5,53.88461538461539,58.51244443574507,4.0,12.807692307692308,17.11611925821792,0.0,2.730769230769231,5.488589562411766,34.5,57.53846153846154,63.00300359140396,15.0,38.96153846153846,47.7505859811004,1.72,2.316538461538461,1.678706507541309,2.5,4.076923076923077,4.706787243316417,0.23,0.25346153846153846,0.242684030091678,11.0,20.73076923076923,23.8839824021166,8.5,13.0,14.767531953579786,11.5,19.384615384615383,22.59925117888099,5.5,9.692307692307692,12.10873810359851,9.0,12.653846153846153,13.841798460293539,1.5,3.730769230769231,5.632460864010986,5.5,8.923076923076923,10.071437144412219,7.5,9.923076923076923,11.471436098145958,744.5,902.2307692307693,767.0820716294864,20.0,85.0,179.55968367091762,126.5,271.61538461538464,334.7028624823011,267.5,407.03846153846155,412.558212209548,92.5,231.26923076923077,258.923086292792,12.0,40.84615384615385,52.00514767420034,13.0,27.76923076923077,34.050912107968784,43.25,42.45384615384615,23.352674035651347,39.55,36.55,23.78236741790018,405.5,522.6153846153846,421.20769954245395,1016.0,1491.1538461538462,1199.768434067431,11.0,31.192307692307693,41.09892381147636,9.5,17.423076923076923,19.233664397452873,1.0,11.576923076923077,21.692714126034257,6.0,16.346153846153847,19.88756859486309,5.5,10.76923076923077,12.054236408193404,523.0,643.4230769230769,538.6618362629321,11.5,56.80769230769231,76.25746873888183,8.0,15.461538461538462,16.147397980432064,10.5,15.884615384615385,16.907576817691936,1.0,2.3461538461538463,4.629836348661215,3.0,23.692307692307693,40.59632419889193,38.0,55.92307692307692,51.396438068740196,9.5,14.26923076923077,16.57602531925598,8.5,13.846153846153847,14.69337893799056,40.3,45.06923076923077,27.333214508809885
Brentford,9069.0,9565.857142857143,1428.5252985409215,28.0,23.523809523809526,11.382526290850583,21.0,18.333333333333332,13.297869503545797,1913.0,1638.095238095238,1122.0364479267998,0.0,2.9047619047619047,5.539898572219188,2.0,1.9523809523809523,2.438774087040259,2.0,2.5238095238095237,1.8873009198071093,0.0,0.047619047619047616,0.21821789023599242,0.8,2.6095238095238096,4.196773136816519,1.2,1.8952380952380952,2.2310258157350376,12.0,25.857142857142858,32.37635821751068,52.0,58.285714285714285,54.49416744674871,27.0,57.57142857142857,77.18003072594065,0.0,0.1157142857142857,0.194642529488584,0.09,0.09857142857142859,0.10412904082366813,0.06,0.12095238095238095,0.16080748620337185,0.08,0.10428571428571426,0.08941875801930087,0.0,0.1319047619047619,0.41911357706019314,0.0,5.8619047619047615,18.87062468999042,0.0,5.6,21.967248348393575,0.0,0.0,0.0,31.3,26.476190476190474,19.797143853644766,0.17,0.31523809523809526,0.3816624038023531,0.0,0.06714285714285714,0.08474330989186445,14.7,13.657142857142855,6.960069786185439,489.0,582.2380952380952,445.78513936221617,77.3,76.69047619047618,7.844291221130482,7626.0,10679.142857142857,9438.228193287734,87.7,86.79523809523809,7.669255256573235,79.9,82.28571428571429,9.731355800415773,55.0,54.84285714285714,13.492574677524354,9.0,14.523809523809524,17.53744293681108,42.0,48.095238095238095,40.91931666328845,7.0,14.0,18.700267377767624,2.0,3.9047619047619047,5.271667306505238,52.0,58.285714285714285,54.49416744674871,21.0,34.095238095238095,35.68880043081409,1.72,1.8747619047619046,1.1583161012764134,2.0,5.0,5.822370651203855,0.2,0.2790476190476191,0.27171501176609225,25.0,27.523809523809526,22.234250712850766,17.0,16.523809523809526,12.890380318745631,26.0,25.476190476190474,20.602473268078878,11.0,11.857142857142858,10.518011762142663,17.0,21.19047619047619,19.307042879786245,4.0,8.714285714285714,12.942730999069928,13.0,12.476190476190476,10.385658609924782,8.0,12.761904761904763,12.300019357321199,804.0,937.047619047619,669.6892171888745,52.0,145.57142857142858,290.90867491853373,232.0,366.4761904761905,421.08082585741414,348.0,349.04761904761904,279.64378702028694,160.0,230.04761904761904,234.92093908174215,24.0,43.0,47.19110085598767,13.0,27.333333333333332,33.91066695500596,46.2,44.11904761904762,23.892145551365186,41.7,38.08571428571428,20.11572235129243,410.0,493.6666666666667,361.55391483613244,1204.0,1371.5714285714287,1143.6432822969134,12.0,25.857142857142858,32.37635821751068,11.0,15.952380952380953,18.816153141586064,1.0,9.19047619047619,17.531739923975167,14.0,23.285714285714285,26.448332380592277,8.0,12.571428571428571,13.544635205761093,497.0,573.5238095238095,410.8683023850366,27.0,57.57142857142857,77.18003072594065,12.0,13.333333333333334,10.82281540696936,10.0,15.047619047619047,14.57901296547949,1.0,2.9523809523809526,4.477456761111049,14.0,29.523809523809526,45.98545318643609,50.0,71.0,55.45087916345421,12.0,27.523809523809526,31.921182696790932,14.0,23.952380952380953,23.96137765337417,55.5,54.88571428571428,19.609826254056554
Arsenal,9813.5,9674.818181818182,1395.3015252340072,23.5,23.272727272727273,8.066283844803323,16.5,17.5,10.39574088612392,1478.5,1564.4545454545455,902.9764921937589,2.0,2.8181818181818183,2.8053751745764544,1.5,2.3181818181818183,2.7496556258204516,2.5,2.909090909090909,1.9738550848793073,0.0,0.22727272727272727,0.5284134548067254,1.65,2.563636363636363,2.64098564835275,0.9,1.9318181818181814,2.1877116471514824,23.0,35.31818181818182,32.69685635629847,56.5,77.0,62.4431169717116,52.0,75.95454545454545,77.48823399024143,0.10500000000000001,0.16272727272727272,0.16406101705163637,0.10500000000000001,0.1372727272727273,0.14998989864977472,0.1,0.1527272727272727,0.14166297423250107,0.09,0.11954545454545452,0.11712741424974416,0.0,0.04045454545454546,0.18974863755649327,0.0,3.3681818181818177,15.79817308195073,0.0,1.5590909090909089,7.3127845709974375,0.0,0.0,0.0,30.65,26.59545454545454,17.325881473424918,0.22,0.4090909090909091,0.40970266908610325,0.13,0.13090909090909092,0.12990506023756226,14.65,13.977272727272727,5.767472981188954,468.5,717.6818181818181,560.3350516698649,82.95,82.32272727272728,6.265698898286024,7398.0,11757.954545454546,9938.890938785555,91.75,90.88636363636364,4.674683126979019,86.3,84.95454545454544,7.859463647805035,53.349999999999994,55.31818181818183,9.762495600322715,10.0,17.5,17.781076082922166,40.5,58.09090909090909,52.91854395551992,9.0,18.272727272727273,18.49371017447056,1.5,3.0,3.625307868699863,56.5,77.0,62.4431169717116,25.0,39.86363636363637,34.142970348849616,2.24,2.4500000000000006,1.4035600993120858,3.0,5.0,5.597618541248888,0.24,0.29227272727272735,0.299474648234312,19.5,24.636363636363637,20.726209435778593,12.0,14.681818181818182,12.635499363137344,21.0,21.363636363636363,14.85660172174696,11.0,10.636363636363637,7.575307345928704,10.0,13.681818181818182,11.167070484395772,1.5,4.409090909090909,6.835893301495952,7.5,9.272727272727273,7.88719165532271,6.0,9.636363636363637,8.866982385421583,771.5,1008.9545454545455,673.6841479275218,25.0,75.81818181818181,170.01334299559198,125.0,254.45454545454547,337.02631341000057,296.0,439.0,390.8871472749672,225.0,323.09090909090907,237.02399096794466,38.5,53.77272727272727,50.36148549019598,23.5,30.59090909090909,29.146034755886472,44.65,49.26818181818182,22.443248775175483,36.4,37.404545454545456,18.05748696518526,427.0,593.2727272727273,410.1600363410061,1358.0,1677.6363636363637,1143.7038638295003,23.0,35.31818181818182,32.69685635629847,19.5,21.954545454545453,18.367873798531715,4.5,12.136363636363637,15.458994775874642,15.5,20.136363636363637,15.944234529089648,13.5,15.863636363636363,13.52350847174214,552.0,710.8636363636364,492.201884195088,52.0,75.95454545454545,77.48823399024143,14.0,16.954545454545453,11.273556386210767,17.0,17.045454545454547,12.403829181143148,2.0,3.5454545454545454,3.6868785704269667,11.0,32.18181818181818,42.69006393110179,49.5,59.68181818181818,41.36755844589927,10.5,19.90909090909091,19.786741811504783,15.5,19.363636363636363,17.646112358966818,51.15,47.82727272727273,19.01468559819668
